{
  "isPersonalized": false,
  "hasOperatorClaim": false,
  "hasSupporterClaim": false,
  "hideClusters": false,
  "hideGroups": false,
  "hideUsers": false,
  "clusters": [
    {
      "id": 0,
      "name": "Essert_QA",
      "userIds": [
        3,
        4,
        6,
        7,
        8,
        9,
        11
      ]
    }
  ],
  "groups": [],
  "users": [
    {
      "roles": [
        "operator",
        "supporter"
      ],
      "id": 4,
      "accountId": 3,
      "customerId": null,
      "displayName": "chrome UiTest user",
      "userName": "chrome",
      "firstName": "chrome",
      "lastName": "UiTest user",
      "email": "chrome@trash-mail.com",
      "organization": "Essert_QA"
    },
    {
      "roles": [
        "operator",
        "supporter"
      ],
      "id": 6,
      "accountId": 3,
      "customerId": null,
      "displayName": "FirstNameAklOFTLtyI LastNameAklOFTLtyI",
      "userName": "UNAklOFTLtyI",
      "firstName": "FirstNameAklOFTLtyI",
      "lastName": "LastNameAklOFTLtyI",
      "email": "EmailAklOFTLtyI@essert.de",
      "organization": "Essert_QA"
    },
    {
      "roles": [
        "operator",
        "supporter"
      ],
      "id": 9,
      "accountId": 3,
      "customerId": null,
      "displayName": "FirstNameCSwJvDHCmq LastNameCSwJvDHCmq",
      "userName": "UNCSwJvDHCmq",
      "firstName": "FirstNameCSwJvDHCmq",
      "lastName": "LastNameCSwJvDHCmq",
      "email": "EmailCSwJvDHCmq@essert.de",
      "organization": "Essert_QA"
    },
    {
      "roles": [
        "operator",
        "supporter"
      ],
      "id": 7,
      "accountId": 3,
      "customerId": null,
      "displayName": "FirstNameItlihbjidp LastNameItlihbjidp",
      "userName": "UNItlihbjidp",
      "firstName": "FirstNameItlihbjidp",
      "lastName": "LastNameItlihbjidp",
      "email": "EmailItlihbjidp@essert.de",
      "organization": "Essert_QA"
    },
    {
      "roles": [
        "operator",
        "supporter"
      ],
      "id": 11,
      "accountId": 3,
      "customerId": null,
      "displayName": "FirstNamekYEGvIJiZp LastNamekYEGvIJiZp",
      "userName": "UNkYEGvIJiZp",
      "firstName": "FirstNamekYEGvIJiZp",
      "lastName": "LastNamekYEGvIJiZp",
      "email": "EmailkYEGvIJiZp@essert.de",
      "organization": "Essert_QA"
    },
    {
      "roles": [
        "operator",
        "supporter"
      ],
      "id": 10,
      "accountId": 3,
      "customerId": null,
      "displayName": "FirstNameNMmcNGGQls LastNameNMmcNGGQls",
      "userName": "UNNMmcNGGQls",
      "firstName": "FirstNameNMmcNGGQls",
      "lastName": "LastNameNMmcNGGQls",
      "email": "EmailNMmcNGGQls@essert.de",
      "organization": "Essert_QA"
    },
    {
      "roles": [
        "operator",
        "supporter"
      ],
      "id": 8,
      "accountId": 3,
      "customerId": null,
      "displayName": "FirstNameyDxijdOkWo LastNameyDxijdOkWo",
      "userName": "UNyDxijdOkWo",
      "firstName": "FirstNameyDxijdOkWo",
      "lastName": "LastNameyDxijdOkWo",
      "email": "EmailyDxijdOkWo@essert.de",
      "organization": "Essert_QA"
    },
    {
      "roles": [
        "operator",
        "supporter"
      ],
      "id": 3,
      "accountId": 3,
      "customerId": null,
      "displayName": "KundenAdmin Test Automation User",
      "userName": "KundenAdmin",
      "firstName": "KundenAdmin",
      "lastName": "Test Automation User",
      "email": "KundenAdmin@trash-mail.com",
      "organization": "Essert_QA"
    }
  ]
}