{
  "isPersonalized": false,
  "hasOperatorClaim": true,
  "hasSupporterClaim": true,
  "hideClusters": false,
  "hideGroups": false,
  "hideUsers": false,
  "clusters": [
    {
      "id": 3,
      "name": "Testorganisation",
      "userIds": [
        138,
        176,
        177,
        178,
        179,
        181,
        190,
        191,
        192,
        194,
        195,
        196,
        197,
        198,
        199,
        200,
        201,
        203,
        204,
        205,
        206,
        207,
        209,
        210
      ]
    }
  ],
  "groups": [],
  "users": [
    {
      "roles": [
        "operator",
        "supporter"
      ],
      "id": 177,
      "accountId": 1,
      "customerId": 3,
      "displayName": "AdminKunde QATest",
      "userName": "AdminKunde",
      "firstName": "AdminKunde",
      "lastName": "QATest",
      "email": "AdminKunde@trash-mail.com",
      "organization": "Testorganisation"
    },
    {
      "roles": [
        "operator",
        "supporter"
      ],
      "id": 176,
      "accountId": 1,
      "customerId": 3,
      "displayName": "AdminQA Test",
      "userName": "adminQA",
      "firstName": "AdminQA",
      "lastName": "Test",
      "email": "admin@trash-mail.com",
      "organization": "Testorganisation"
    },
    {
      "roles": [
        "operator",
        "supporter"
      ],
      "id": 203,
      "accountId": 1,
      "customerId": 3,
      "displayName": "Android UITest",
      "userName": "Android_UITest",
      "firstName": "Android",
      "lastName": "UITest",
      "email": "Android_UITest@trash-mail.com",
      "organization": "Testorganisation"
    },
    {
      "roles": [
        "operator"
      ],
      "id": 140,
      "accountId": 1,
      "customerId": 3,
      "displayName": "Browser FirefoxZWEI",
      "userName": "FirefoxZWEI",
      "firstName": "Browser",
      "lastName": "FirefoxZWEI",
      "email": "firefox@trashmail.de",
      "organization": "Testorganisation"
    },
    {
      "roles": [
        "operator",
        "supporter"
      ],
      "id": 194,
      "accountId": 1,
      "customerId": 3,
      "displayName": "Chrome An QA Test User",
      "userName": "Chrome_An",
      "firstName": "Chrome An",
      "lastName": "QA Test User",
      "email": "Chrome_An@trash-mail.com",
      "organization": "Testorganisation"
    },
    {
      "roles": [
        "operator",
        "supporter"
      ],
      "id": 195,
      "accountId": 1,
      "customerId": 3,
      "displayName": "Chrome UITest QA Test User",
      "userName": "Chrome_UITest",
      "firstName": "Chrome UITest",
      "lastName": "QA Test User",
      "email": "Chrome_UITest@trash-mail.com",
      "organization": "Testorganisation"
    },
    {
      "roles": [
        "operator",
        "supporter"
      ],
      "id": 197,
      "accountId": 1,
      "customerId": 3,
      "displayName": "Firefox An QA Test User",
      "userName": "Firefox_An",
      "firstName": "Firefox An",
      "lastName": "QA Test User",
      "email": "Firefox_An@trash-mail.com",
      "organization": "Testorganisation"
    },
    {
      "roles": [
        "operator",
        "supporter"
      ],
      "id": 196,
      "accountId": 1,
      "customerId": 3,
      "displayName": "Firefox Dj QA Test User",
      "userName": "Firefox_Dj",
      "firstName": "Firefox Dj",
      "lastName": "QA Test User",
      "email": "Firefox_Dj@trash-mail.com",
      "organization": "Testorganisation"
    },
    {
      "roles": [
        "operator",
        "supporter"
      ],
      "id": 205,
      "accountId": 1,
      "customerId": 3,
      "displayName": "Firefox UITest",
      "userName": "Firefox_UITest",
      "firstName": "Firefox",
      "lastName": "UITest",
      "email": "Firefox_UITest@trash-mail.com",
      "organization": "Testorganisation"
    },
    {
      "roles": [
        "operator",
        "supporter"
      ],
      "id": 201,
      "accountId": 1,
      "customerId": 3,
      "displayName": "galaxysacht an QA Test user",
      "userName": "galaxys8_an",
      "firstName": "galaxysacht an",
      "lastName": "QA Test user",
      "email": "galaxys8_an@trash-mail.com",
      "organization": "Testorganisation"
    },
    {
      "roles": [
        "operator",
        "supporter"
      ],
      "id": 200,
      "accountId": 1,
      "customerId": 3,
      "displayName": "galaxysacht dj QA Test User",
      "userName": "galaxys8_dj",
      "firstName": "galaxysacht dj",
      "lastName": "QA Test User",
      "email": "galaxys8_dj@trash-mail.com",
      "organization": "Testorganisation"
    },
    {
      "roles": [
        "operator",
        "supporter"
      ],
      "id": 207,
      "accountId": 1,
      "customerId": 3,
      "displayName": "galaxysTabDrei An QA Test User",
      "userName": "galaxysTab3_An",
      "firstName": "galaxysTabDrei An",
      "lastName": "QA Test User",
      "email": "galaxysTab3_An@trash-mail.com",
      "organization": "Testorganisation"
    },
    {
      "roles": [
        "operator",
        "supporter"
      ],
      "id": 204,
      "accountId": 1,
      "customerId": 3,
      "displayName": "iOS UITest",
      "userName": "iOS_UITest",
      "firstName": "iOS",
      "lastName": "UITest",
      "email": "iOS_UITest@trash-mail.com",
      "organization": "Testorganisation"
    },
    {
      "roles": [
        "operator",
        "supporter"
      ],
      "id": 209,
      "accountId": 1,
      "customerId": 3,
      "displayName": "Iphonetabpro QA User",
      "userName": "Iphonetabpro",
      "firstName": "Iphonetabpro",
      "lastName": "QA User",
      "email": "Iphonetabpro@trash-mail.com",
      "organization": "Testorganisation"
    },
    {
      "roles": [
        "operator"
      ],
      "id": 185,
      "accountId": 1,
      "customerId": 3,
      "displayName": "operatoralle QA Test User",
      "userName": "operatoralle",
      "firstName": "operatoralle",
      "lastName": "QA Test User",
      "email": "operatoralle@trash-mail.com",
      "organization": "Testorganisation"
    },
    {
      "roles": [
        "operator"
      ],
      "id": 183,
      "accountId": 1,
      "customerId": 3,
      "displayName": "Operatoreins QA Test",
      "userName": "Operator1",
      "firstName": "Operatoreins",
      "lastName": "QA Test",
      "email": "Operator1@trash-mail.com",
      "organization": "Testorganisation"
    },
    {
      "roles": [
        "operator"
      ],
      "id": 184,
      "accountId": 1,
      "customerId": 3,
      "displayName": "Operatorzwei QA Test",
      "userName": "Operator2",
      "firstName": "Operatorzwei",
      "lastName": "QA Test",
      "email": "Operator2@trash-mail.com",
      "organization": "Testorganisation"
    },
    {
      "roles": [
        "operator",
        "supporter"
      ],
      "id": 181,
      "accountId": 1,
      "customerId": 3,
      "displayName": "OrgaDigitaluser QA Test",
      "userName": "OrgaDigitaluser001",
      "firstName": "OrgaDigitaluser",
      "lastName": "QA Test",
      "email": "OrgaDigitaluser001@trash-mail.com",
      "organization": "Testorganisation"
    },
    {
      "roles": [
        "operator",
        "supporter"
      ],
      "id": 138,
      "accountId": 1,
      "customerId": 3,
      "displayName": "ranjid Wirth",
      "userName": "ranjid",
      "firstName": "ranjid",
      "lastName": "Wirth",
      "email": "ranjid@porsche.de",
      "organization": "Testorganisation"
    },
    {
      "roles": [
        "operator"
      ],
      "id": 141,
      "accountId": 1,
      "customerId": 3,
      "displayName": "Roberto Carlos",
      "userName": "Blanko",
      "firstName": "Roberto",
      "lastName": "Carlos",
      "email": "Blanko@trash-mail.com",
      "organization": "Testorganisation"
    },
    {
      "roles": [
        "operator",
        "supporter"
      ],
      "id": 178,
      "accountId": 1,
      "customerId": 3,
      "displayName": "RobertoCarlosCompanysehrlang QATest",
      "userName": "RobertoCarlosCompanysehrlang",
      "firstName": "RobertoCarlosCompanysehrlang",
      "lastName": "QATest",
      "email": "RobertoCarlosCompanysehrlang@trash-mail.com",
      "organization": "Testorganisation"
    },
    {
      "roles": [
        "operator",
        "supporter"
      ],
      "id": 198,
      "accountId": 1,
      "customerId": 3,
      "displayName": "Safari An QA Test User Safari",
      "userName": "Safari_An",
      "firstName": "Safari An",
      "lastName": "QA Test User Safari",
      "email": "Safari_An@trash-mail.com",
      "organization": "Testorganisation"
    },
    {
      "roles": [
        "operator",
        "supporter"
      ],
      "id": 199,
      "accountId": 1,
      "customerId": 3,
      "displayName": "Safari Dj QA Test User Safari Dj",
      "userName": "Safari_Dj",
      "firstName": "Safari Dj",
      "lastName": "QA Test User Safari Dj",
      "email": "Safari_Dj@trash-mail.com",
      "organization": "Testorganisation"
    },
    {
      "roles": [
        "operator",
        "supporter"
      ],
      "id": 206,
      "accountId": 1,
      "customerId": 3,
      "displayName": "Safari UITest",
      "userName": "Safari_UITest",
      "firstName": "Safari",
      "lastName": "UITest",
      "email": "Safari_UITest@trash-mail.com",
      "organization": "Testorganisation"
    },
    {
      "roles": [
        "operator"
      ],
      "id": 186,
      "accountId": 1,
      "customerId": 3,
      "displayName": "SupOp QA Test User",
      "userName": "SupOp",
      "firstName": "SupOp",
      "lastName": "QA Test User",
      "email": "SupOp@trash-mail.com",
      "organization": "Testorganisation"
    },
    {
      "roles": [
        "operator",
        "supporter"
      ],
      "id": 192,
      "accountId": 1,
      "customerId": 3,
      "displayName": "supporteralle QA Test User",
      "userName": "supporteralle",
      "firstName": "supporteralle",
      "lastName": "QA Test User",
      "email": "supporteralle@trash-mail.com",
      "organization": "Testorganisation"
    },
    {
      "roles": [
        "operator",
        "supporter"
      ],
      "id": 190,
      "accountId": 1,
      "customerId": 3,
      "displayName": "Supportereins QA Test User",
      "userName": "Supporter1",
      "firstName": "Supportereins",
      "lastName": "QA Test User",
      "email": "Supporter1@trash-mail.com",
      "organization": "Testorganisation"
    },
    {
      "roles": [
        "operator",
        "supporter"
      ],
      "id": 191,
      "accountId": 1,
      "customerId": 3,
      "displayName": "supporterzwei QA Test supporterzwei",
      "userName": "supporter2",
      "firstName": "supporterzwei",
      "lastName": "QA Test supporterzwei",
      "email": "supporter2@trash-mail.com",
      "organization": "Testorganisation"
    },
    {
      "roles": [
        "operator",
        "supporter"
      ],
      "id": 210,
      "accountId": 1,
      "customerId": 3,
      "displayName": "UITestUser Carlos",
      "userName": "UITestUser",
      "firstName": "UITestUser",
      "lastName": "Carlos",
      "email": "UITestUser@trash-mail.com",
      "organization": "Testorganisation"
    },
    {
      "roles": [
        "operator",
        "supporter"
      ],
      "id": 179,
      "accountId": 1,
      "customerId": 3,
      "displayName": "von derleyen Goetze G�etze",
      "userName": "vonderleyenGoetze",
      "firstName": "von derleyen Goetze",
      "lastName": "G�etze",
      "email": "Adhoc@trash-mail.com",
      "organization": "Testorganisation"
    }
  ]
}